,watch-title,y,watch-view-count,watch-time-text,content_watch-info-tag-list,watch7-headline,watch7-user-header,watch8-sentiment-actions,og:image,og:image:width,og:image:height,og:description,og:video:width,og:video:height,og:video:tag,channel_link_0,p,title,date,views
505,Platform Overview - Machine Learning,,4.298 visualizações,Publicado em 21 de mai. de 2019,Ciência e tecnologia,Platform Overview - Machine Learning,"Google Cloud Platform













Carregando...
    







        Cancelar inscrição de Google Cloud Platform?
      


Cancelar
Cancelar inscrição










        Processando...
    










Inscrever-seInscritoCancelar inscrição400 mil 











Carregando...
    









Carregando...
    













        Processando...","4.298 visualizações







141

Gostou deste vídeo?

      Faça login para que sua opinião seja levada em conta.
    
Fazer login



142


0

Não gostou deste vídeo?

      Faça login para que sua opinião seja levada em conta.
    
Fazer login



1",https://i.ytimg.com/vi/QR_LQQ-vvko/maxresdefault.jpg,1280.0,720.0,"In this short GCP Essentials video, see how GCP has made Machine Learning easier for you from behind the scenes. Hear Alexis Moussine-Pouchkine further discu...",1280.0,720.0,Alexis Moussine Pouchkine,/channel/UCJS9pqu9BzkAMNTmzNMNhvg,0.502,,,
507,Kaggle Meetup: Ship Detection Challenge,,504 visualizações,Publicado em 30 de nov. de 2018,Ciência e tecnologia,Kaggle Meetup: Ship Detection Challenge,"Learn Data Science













Carregando...
    







        Cancelar inscrição de Learn Data Science?
      


Cancelar
Cancelar inscrição










        Processando...
    










Inscrever-seInscritoCancelar inscrição464 











Carregando...
    









Carregando...
    













        Processando...","504 visualizações







9

Gostou deste vídeo?

      Faça login para que sua opinião seja levada em conta.
    
Fazer login



10


1

Não gostou deste vídeo?

      Faça login para que sua opinião seja levada em conta.
    
Fazer login



2",https://i.ytimg.com/vi/QXEy4rdLsDw/maxresdefault.jpg,1280.0,720.0,Video from the 2018-11-29 meetup. Kaggle page: https://www.kaggle.com/c/airbus-ship-detection Meetup page: https://www.meetup.com/LearnDataScience/events/hjh...,1280.0,720.0,learn data science,/channel/UCJhW_16uxALr0X4olEW2p5A,0.455,,,
519,flowlightさん『TalkingData AdTracking Fraud Detection Challenge』- Kaggle meetup Tokyo #4,,1.707 visualizações,Publicado em 12 de mai. de 2018,Pessoas e blogs,flowlightさん『TalkingData AdTracking Fraud Detection Challenge』- Kaggle meetup Tokyo #4,"Takami Sato













Carregando...
    







        Cancelar inscrição de Takami Sato?
      


Cancelar
Cancelar inscrição










        Processando...
    










Inscrever-seInscritoCancelar inscrição1,84 mil 











Carregando...
    









Carregando...
    













        Processando...","1.707 visualizações







17

Gostou deste vídeo?

      Faça login para que sua opinião seja levada em conta.
    
Fazer login



18


1

Não gostou deste vídeo?

      Faça login para que sua opinião seja levada em conta.
    
Fazer login



2",https://i.ytimg.com/vi/RKXUEJVJJ-o/maxresdefault.jpg,1280.0,720.0,資料 https://www.slideshare.net/TakanoriHayashi3/talkingdata-adtracking-fraud-detection-challenge-1st-place-solution Kaggle meetup tokyo #4 https://connpass.co...,1280.0,720.0,kaggle,/channel/UCiECS_auJLNpFsvjTi1WuxQ,0.283,,,
527,Reinforcement Learning with TensorFlow and Unity - Pittsburgh ML Summit ‘19,,545 visualizações,Publicado em 22 de nov. de 2019,Ciência e tecnologia,Reinforcement Learning with TensorFlow and Unity - Pittsburgh ML Summit ‘19,"Google Developers














Carregando...
    







        Cancelar inscrição de Google Developers?
      


Cancelar
Cancelar inscrição










        Processando...
    










Inscrever-seInscritoCancelar inscrição1,96 mi 











Carregando...
    









Carregando...
    













        Processando...","545 visualizações







13

Gostou deste vídeo?

      Faça login para que sua opinião seja levada em conta.
    
Fazer login



14


0

Não gostou deste vídeo?

      Faça login para que sua opinião seja levada em conta.
    
Fazer login



1",https://i.ytimg.com/vi/S-MbpQiwfls/maxresdefault.jpg,1280.0,720.0,"Dan Goncharov, Head of 42 Robotics GDG Fremont, talks about Reinforcement Learning with TensorFlow and Unity. Also, see an overview of Machine Learning in ge...",1280.0,720.0,Dan Goncharov,/channel/UC_x5XG1OV2P6uZZ5FSM9Ttw,0.261,,,
535,Identifying art through machine learning at MoMA,,9.476 visualizações,Publicado em 7 de mar. de 2018,Entretenimento,"#MachineLearning #Musuem #Art



    Identifying art through machine learning at MoMA","Google Arts & Culture














Carregando...
    







        Cancelar inscrição de Google Arts & Culture?
      


Cancelar
Cancelar inscrição










        Processando...
    










Inscrever-seInscritoCancelar inscrição135 mil 











Carregando...
    









Carregando...
    













        Processando...","9.476 visualizações







49

Gostou deste vídeo?

      Faça login para que sua opinião seja levada em conta.
    
Fazer login



50


4

Não gostou deste vídeo?

      Faça login para que sua opinião seja levada em conta.
    
Fazer login



5",https://i.ytimg.com/vi/SLBqVOnn9Mo/maxresdefault.jpg,1280.0,720.0,"The Art Recognizer, built in collaboration with the Museum of Modern Art, helps you recover details of past exhibits in the snap of a finger. See an interest...",1280.0,720.0,museum of modern art,/channel/UCGn7dlcAmH44GqycKa_3ssA,0.51,,,
557,Deep Learning - Computerphile,,131.286 visualizações,Publicado em 6 de jun. de 2018,Educação,Deep Learning - Computerphile,"Computerphile














Carregando...
    







        Cancelar inscrição de Computerphile?
      


Cancelar
Cancelar inscrição










        Processando...
    










Inscrever-seInscritoCancelar inscrição1,51 mi 











Carregando...
    









Carregando...
    













        Processando...","131.286 visualizações







3.700

Gostou deste vídeo?

      Faça login para que sua opinião seja levada em conta.
    
Fazer login



3.701


48

Não gostou deste vídeo?

      Faça login para que sua opinião seja levada em conta.
    
Fazer login



49",https://i.ytimg.com/vi/TJlAxW-2nmI/maxresdefault.jpg,1280.0,720.0,Deep Learning with Convolutional Neural Networks - Dr Mike Pound explains. CNN background: https://youtu.be/py5byOOHZM8 Onion Routing (TOR): https://youtu.be...,1280.0,720.0,Neural Network,/channel/UC9-y-6csu5WGm29I7JiwpnA,0.453,,,
579,How Machine Learning is Impacting Oil and Gas (Cloud Next '18),,6.528 visualizações,Publicado em 26 de jul. de 2018,Ciência e tecnologia,How Machine Learning is Impacting Oil and Gas (Cloud Next '18),"Google Cloud Platform













Carregando...
    







        Cancelar inscrição de Google Cloud Platform?
      


Cancelar
Cancelar inscrição










        Processando...
    










Inscrever-seInscritoCancelar inscrição400 mil 











Carregando...
    









Carregando...
    













        Processando...","6.528 visualizações







84

Gostou deste vídeo?

      Faça login para que sua opinião seja levada em conta.
    
Fazer login



85


5

Não gostou deste vídeo?

      Faça login para que sua opinião seja levada em conta.
    
Fazer login



6",https://i.ytimg.com/vi/UXt7gVz5EPs/maxresdefault.jpg,1280.0,720.0,"New advances in machine learning are helping organizations optimize operations, maximize output, and automate manual processes. However, the scalability of s...",1280.0,720.0,Cloud ML,/channel/UCJS9pqu9BzkAMNTmzNMNhvg,0.403,,,
582,Kaggle Reading Group: XLNet | Kaggle,,3.127 visualizações,Transmitido ao vivo em 3 de jul. de 2019,Ciência e tecnologia,Kaggle Reading Group: XLNet | Kaggle,"Kaggle













Carregando...
    







        Cancelar inscrição de Kaggle?
      


Cancelar
Cancelar inscrição










        Processando...
    










Inscrever-seInscritoCancelar inscrição39 mil 











Carregando...
    









Carregando...
    













        Processando...","3.127 visualizações







89

Gostou deste vídeo?

      Faça login para que sua opinião seja levada em conta.
    
Fazer login



90


4

Não gostou deste vídeo?

      Faça login para que sua opinião seja levada em conta.
    
Fazer login



5",https://i.ytimg.com/vi/Ubh03Sh45b0/hqdefault.jpg,480.0,360.0,"This week we're starting a new paper in the Kaggle reading group: XLNet: Generalized Autoregressive Pretraining for Language Understanding (Yang et al, unpub...",1280.0,720.0,reading group,/channel/UCSNeZleDn9c74yQc-EKnVTA,0.263,,,
590,Kaggle Reading Group: Attention is all You Need (Pt. 2) | Kaggle,,2.107 visualizações,Transmitido ao vivo em 26 de dez. de 2018,Ciência e tecnologia,Kaggle Reading Group: Attention is all You Need (Pt. 2) | Kaggle,"Kaggle













Carregando...
    







        Cancelar inscrição de Kaggle?
      


Cancelar
Cancelar inscrição










        Processando...
    










Inscrever-seInscritoCancelar inscrição39 mil 











Carregando...
    









Carregando...
    













        Processando...","2.107 visualizações







58

Gostou deste vídeo?

      Faça login para que sua opinião seja levada em conta.
    
Fazer login



59


2

Não gostou deste vídeo?

      Faça login para que sua opinião seja levada em conta.
    
Fazer login



3",https://i.ytimg.com/vi/VEcsf0OKhfw/maxresdefault.jpg,1280.0,720.0,"Join Kaggle Data Scientist Rachael as she reads through an NLP paper! Today's paper is ""Attention is All You Need"" (Vaswani et al 2017). You can find a copy ...",1280.0,720.0,CS,/channel/UCSNeZleDn9c74yQc-EKnVTA,0.311,,,
591,"What makes a good Data Scientist? By Robert Armstrong, Head of Data Science at Tesco",,774 visualizações,Publicado em 9 de out. de 2018,Educação,"What makes a good Data Scientist? By Robert Armstrong, Head of Data Science at Tesco","Data ScienceTech Institute













Carregando...
    







        Cancelar inscrição de Data ScienceTech Institute?
      


Cancelar
Cancelar inscrição










        Processando...
    










Inscrever-seInscritoCancelar inscrição148 











Carregando...
    









Carregando...
    













        Processando...","774 visualizações







3

Gostou deste vídeo?

      Faça login para que sua opinião seja levada em conta.
    
Fazer login



4


1

Não gostou deste vídeo?

      Faça login para que sua opinião seja levada em conta.
    
Fazer login



2",https://i.ytimg.com/vi/VGDtM1-o0wQ/maxresdefault.jpg,1280.0,720.0,"What is the most important thing to make a great Data Scientist? Robert Armstrong, the Head of Data Science at Tesco - the third-largest retailer in the worl...",1280.0,720.0,,/channel/UCp539uwEjrv26fWvUecGsSg,0.321,,,
596,WD Gann Machine Learning Artificial Intelligence,,909 visualizações,Publicado em 22 de jun. de 2018,Educação,WD Gann Machine Learning Artificial Intelligence,"WD Gann Price & Time Technical Analysis













Carregando...
    







        Cancelar inscrição de WD Gann Price & Time Technical Analysis?
      


Cancelar
Cancelar inscrição










        Processando...
    










Inscrever-seInscritoCancelar inscrição3,4 mil 











Carregando...
    









Carregando...
    













        Processando...","909 visualizações







9

Gostou deste vídeo?

      Faça login para que sua opinião seja levada em conta.
    
Fazer login



10


0

Não gostou deste vídeo?

      Faça login para que sua opinião seja levada em conta.
    
Fazer login



1",https://i.ytimg.com/vi/VYwtAhB-0bI/hqdefault.jpg,480.0,360.0,My thoughts on the future of trading https://www.youtube.com/watch?v=CwcPFUpnjms http://www.timingsolution.com/ https://rapidminer.com/ https://www.python.or...,960.0,720.0,intelligence,/channel/UCpwQxzCNnYoYWZEHBuvaRXA,0.373,,,
599,"SQL Summer Camp: Select, From and Where| Kaggle",,6.792 visualizações,Transmitido ao vivo em 26 de jun. de 2019,Ciência e tecnologia,"SQL Summer Camp: Select, From and Where| Kaggle","Kaggle













Carregando...
    







        Cancelar inscrição de Kaggle?
      


Cancelar
Cancelar inscrição










        Processando...
    










Inscrever-seInscritoCancelar inscrição39 mil 











Carregando...
    









Carregando...
    













        Processando...","6.792 visualizações







174

Gostou deste vídeo?

      Faça login para que sua opinião seja levada em conta.
    
Fazer login



175


0

Não gostou deste vídeo?

      Faça login para que sua opinião seja levada em conta.
    
Fazer login



1",https://i.ytimg.com/vi/VljQui5es7g/hqdefault.jpg,480.0,360.0,"Today we'll learn the basic commands used to build all SQL queries: select, from and where. The first 30 minutes will be lecture and and live coding, and the...",1280.0,720.0,reading group,/channel/UCSNeZleDn9c74yQc-EKnVTA,0.26,,,
603,Deep Learning Kaggle Kernels | Histopathologic Cancer Detection (Top 12%),,288 visualizações,Publicado em 3 de mar. de 2019,Pessoas e blogs,Deep Learning Kaggle Kernels | Histopathologic Cancer Detection (Top 12%),"The Computer Vision Lab













Carregando...
    







        Cancelar inscrição de The Computer Vision Lab?
      


Cancelar
Cancelar inscrição










        Processando...
    










Inscrever-seInscritoCancelar inscrição139 











Carregando...
    









Carregando...
    













        Processando...","288 visualizações







7

Gostou deste vídeo?

      Faça login para que sua opinião seja levada em conta.
    
Fazer login



8


1

Não gostou deste vídeo?

      Faça login para que sua opinião seja levada em conta.
    
Fazer login



2",https://i.ytimg.com/vi/VsA7w1y3Bkg/maxresdefault.jpg,1280.0,720.0,This is a new series for my channel where I will be going over many different kaggle kernels that I have created for computer vision experiments/projects. Ha...,1280.0,720.0,Data Science,/channel/UCwt6d06n0cbD5l-eoXBTEcA,0.268,,,
605,Kaggle Live-Coding: Tensorflow in R for Quora Insincere Questions Classification | Kaggle,,1.026 visualizações,Transmitido ao vivo em 16 de nov. de 2018,Ciência e tecnologia,Kaggle Live-Coding: Tensorflow in R for Quora Insincere Questions Classification | Kaggle,"Kaggle













Carregando...
    







        Cancelar inscrição de Kaggle?
      


Cancelar
Cancelar inscrição










        Processando...
    










Inscrever-seInscritoCancelar inscrição39 mil 











Carregando...
    









Carregando...
    













        Processando...","1.026 visualizações







25

Gostou deste vídeo?

      Faça login para que sua opinião seja levada em conta.
    
Fazer login



26


0

Não gostou deste vídeo?

      Faça login para que sua opinião seja levada em conta.
    
Fazer login



1",https://i.ytimg.com/vi/W4_RQSBByN4/maxresdefault.jpg,1280.0,720.0,Join Kaggle data scientist Rachael live as she works on data science projects! See previous livestreams here: https://www.youtube.com/playlist?list=PLqFaTIg4...,1280.0,720.0,CS,/channel/UCSNeZleDn9c74yQc-EKnVTA,0.379,,,
619,Kaggle Days Meetup Milan #2 - Luca Massaron,,55 visualizações,Publicado em 25 de out. de 2019,Pessoas e blogs,Kaggle Days Meetup Milan #2 - Luca Massaron,"LogicAI













Carregando...
    







        Cancelar inscrição de LogicAI?
      


Cancelar
Cancelar inscrição










        Processando...
    










Inscrever-seInscritoCancelar inscrição641 











Carregando...
    









Carregando...
    













        Processando...","55 visualizações







3

Gostou deste vídeo?

      Faça login para que sua opinião seja levada em conta.
    
Fazer login



4


1

Não gostou deste vídeo?

      Faça login para que sua opinião seja levada em conta.
    
Fazer login



2",https://i.ytimg.com/vi/WlBRu6BE0AQ/maxresdefault.jpg,1280.0,720.0,"The second edition of Kaggle Days Meetup. We had the pleasure to have Luca Massaron as a speaker, talk about Kaggle PetFinder competition. Learn about deep l...",1280.0,720.0,kaggle,/channel/UCZ_qlZbg9EzwRnLq_hFQumQ,0.692,,,
620,Kaggle Reading Group : An Open Source AutoML Benchmark | Kaggle,,1.653 visualizações,Transmitido ao vivo em 14 de ago. de 2019,Ciência e tecnologia,Kaggle Reading Group : An Open Source AutoML Benchmark | Kaggle,"Kaggle













Carregando...
    







        Cancelar inscrição de Kaggle?
      


Cancelar
Cancelar inscrição










        Processando...
    










Inscrever-seInscritoCancelar inscrição39 mil 











Carregando...
    









Carregando...
    













        Processando...","1.653 visualizações







78

Gostou deste vídeo?

      Faça login para que sua opinião seja levada em conta.
    
Fazer login



79


2

Não gostou deste vídeo?

      Faça login para que sua opinião seja levada em conta.
    
Fazer login



3",https://i.ytimg.com/vi/WlXhpXv9kDU/hqdefault.jpg,480.0,360.0,This week we're starting a new paper: An Open Source AutoML Benchmark by Gijsbers et al from the 2019 ICML Workshop on Automated Machine Learning. Paper: htt...,1280.0,720.0,reading group,/channel/UCSNeZleDn9c74yQc-EKnVTA,0.263,,,
632,BigQuery - End-to-End Machine Learning with TensorFlow on GCP from Google Cloud #6,,510 visualizações,Publicado em 12 de abr. de 2019,Educação,BigQuery - End-to-End Machine Learning with TensorFlow on GCP from Google Cloud #6,"Coursera














Carregando...
    







        Cancelar inscrição de Coursera?
      


Cancelar
Cancelar inscrição










        Processando...
    










Inscrever-seInscritoCancelar inscrição128 mil 











Carregando...
    









Carregando...
    













        Processando...","510 visualizações







2

Gostou deste vídeo?

      Faça login para que sua opinião seja levada em conta.
    
Fazer login



3


1

Não gostou deste vídeo?

      Faça login para que sua opinião seja levada em conta.
    
Fazer login



2",https://i.ytimg.com/vi/XGOvuWXq6Xc/maxresdefault.jpg,1280.0,720.0,"This video is part of an online course, End-to-End Machine Learning with Tensorflow from Google Cloud. Enroll today at https://www.coursera.org/learn/end-to-...",1280.0,720.0,Bigquery,/channel/UCZ50rYSkYQG31YDEJm9Di_g,0.27,,,
639,"Getting Started with Automated Data Pipelines, Day 1: Versioning and GitHub | Kaggle",,7.900 visualizações,Transmitido ao vivo em 29 de jan. de 2019,Ciência e tecnologia,"Getting Started with Automated Data Pipelines, Day 1: Versioning and GitHub | Kaggle","Kaggle













Carregando...
    







        Cancelar inscrição de Kaggle?
      


Cancelar
Cancelar inscrição










        Processando...
    










Inscrever-seInscritoCancelar inscrição39 mil 











Carregando...
    









Carregando...
    













        Processando...","7.900 visualizações







169

Gostou deste vídeo?

      Faça login para que sua opinião seja levada em conta.
    
Fazer login



170


3

Não gostou deste vídeo?

      Faça login para que sua opinião seja levada em conta.
    
Fazer login



4",https://i.ytimg.com/vi/Xi140XVOznM/maxresdefault.jpg,1280.0,720.0,"On the first livestream for the automating data pipelines event, we'll be talking about data versioning and how to connect a GitHub dataset to Kaggle. SUBSCR...",1280.0,720.0,CS,/channel/UCSNeZleDn9c74yQc-EKnVTA,0.315,,,
642,Malaria Detection from Human cell images(Kaggle),,331 visualizações,Publicado em 5 de ago. de 2019,Pessoas e blogs,Malaria Detection from Human cell images(Kaggle),"satchTech













Carregando...
    







        Cancelar inscrição de satchTech?
      


Cancelar
Cancelar inscrição










        Processando...
    










Inscrever-seInscritoCancelar inscrição24 











Carregando...
    









Carregando...
    













        Processando...","331 visualizações







9

Gostou deste vídeo?

      Faça login para que sua opinião seja levada em conta.
    
Fazer login



10


0

Não gostou deste vídeo?

      Faça login para que sua opinião seja levada em conta.
    
Fazer login



1",https://i.ytimg.com/vi/XyNFzK7YYw0/maxresdefault.jpg,1280.0,720.0,This video is about building a machine learning Model for a Kaggle dataset that contains images of Human Cells and you have to Detect the cells which have be...,1280.0,720.0,,/channel/UCc3SbqhWWf6FOziKdraGFrg,0.262,,,
646,Kaggle Meetup: Using News to Predict Stock Movements,,1.005 visualizações,Publicado em 21 de fev. de 2019,Ciência e tecnologia,Kaggle Meetup: Using News to Predict Stock Movements,"Learn Data Science













Carregando...
    







        Cancelar inscrição de Learn Data Science?
      


Cancelar
Cancelar inscrição










        Processando...
    










Inscrever-seInscritoCancelar inscrição464 











Carregando...
    









Carregando...
    













        Processando...","1.005 visualizações







23

Gostou deste vídeo?

      Faça login para que sua opinião seja levada em conta.
    
Fazer login



24


1

Não gostou deste vídeo?

      Faça login para que sua opinião seja levada em conta.
    
Fazer login



2",https://i.ytimg.com/vi/Y5JEWl8yNGk/maxresdefault.jpg,1280.0,720.0,Kaggle page: https://www.kaggle.com/c/two-sigma-financial-news Meetup page: https://www.meetup.com/LearnDataScience/events/fbczqqyzdbcc/ Slides: https://docs...,1280.0,720.0,yvr,/channel/UCJhW_16uxALr0X4olEW2p5A,0.295,,,
652,"Masters In Artificial Intelligence, Machine Learning & Robotics | Prospect, Courses & Profiles",,17.865 visualizações,Publicado em 6 de dez. de 2018,Educação,"#mastersinartificialintelligence #GRE #MSinUS



    Masters In Artificial Intelligence, Machine Learning & Robotics | Prospect, Courses & Profiles","GREedge













Carregando...
    







        Cancelar inscrição de GREedge?
      


Cancelar
Cancelar inscrição










        Processando...
    










Inscrever-seInscritoCancelar inscrição45,7 mil 











Carregando...
    









Carregando...
    













        Processando...","17.865 visualizações







276

Gostou deste vídeo?

      Faça login para que sua opinião seja levada em conta.
    
Fazer login



277


26

Não gostou deste vídeo?

      Faça login para que sua opinião seja levada em conta.
    
Fazer login



27",https://i.ytimg.com/vi/YFScYAFfJEw/maxresdefault.jpg,1280.0,720.0,"Why are Artificial Intelligence, Machine Learning or Robotics courses all the rage these days! Download ""Top 10 US Universities for Master's in ML, AI & Robo...",1280.0,720.0,masters in artificial intelligence germany,/channel/UCXngArkxAfWfAivApxlHpjA,0.295,,,
685,Kaggle Meetup: What's Cooking,,166 visualizações,Publicado em 21 de out. de 2018,Ciência e tecnologia,Kaggle Meetup: What's Cooking,"Learn Data Science













Carregando...
    







        Cancelar inscrição de Learn Data Science?
      


Cancelar
Cancelar inscrição










        Processando...
    










Inscrever-seInscritoCancelar inscrição464 











Carregando...
    









Carregando...
    













        Processando...","166 visualizações







0

Gostou deste vídeo?

      Faça login para que sua opinião seja levada em conta.
    
Fazer login



1


0

Não gostou deste vídeo?

      Faça login para que sua opinião seja levada em conta.
    
Fazer login



1",https://i.ytimg.com/vi/_APGZMsYjDg/maxresdefault.jpg,1280.0,720.0,Meetup page: https://www.meetup.com/LearnDataScience/events/wdlntpyxnbxb/ Slides: https://docs.google.com/presentation/d/1EoFv6DoK4rxRDzPELbjsYQv1dltTbRcpIyX...,1280.0,720.0,meetup,/channel/UCJhW_16uxALr0X4olEW2p5A,0.434,,,
695,Ethics and Bias in Artificial Intelligence - 18th Vienna Deep Learning Meetup,,1.428 visualizações,Transmitido ao vivo em 7 de mai. de 2018,Entretenimento,Ethics and Bias in Artificial Intelligence - 18th Vienna Deep Learning Meetup,"Vienna Deep Learning Meetup













Carregando...
    







        Cancelar inscrição de Vienna Deep Learning Meetup?
      


Cancelar
Cancelar inscrição










        Processando...
    










Inscrever-seInscritoCancelar inscrição233 











Carregando...
    









Carregando...
    













        Processando...","1.428 visualizações







19

Gostou deste vídeo?

      Faça login para que sua opinião seja levada em conta.
    
Fazer login



20


0

Não gostou deste vídeo?

      Faça login para que sua opinião seja levada em conta.
    
Fazer login



1",https://i.ytimg.com/vi/_zwBCDmlvv8/maxresdefault.jpg,1280.0,720.0,The Vienna Deep Learning Meetup and the Centre for Informatics and Society of TU Wien jointly organized an evening of discussion on the topic of Ethics and B...,,,Ethics,/channel/UCAVBJhzHK-jleJbyYTDp8cA,0.341,,,
705,Kaggle Meetup: CANSSI NCSC Ferry Delays,,124 visualizações,Publicado em 3 de out. de 2019,Ciência e tecnologia,Kaggle Meetup: CANSSI NCSC Ferry Delays,"Learn Data Science













Carregando...
    







        Cancelar inscrição de Learn Data Science?
      


Cancelar
Cancelar inscrição










        Processando...
    










Inscrever-seInscritoCancelar inscrição464 











Carregando...
    









Carregando...
    













        Processando...","124 visualizações







2

Gostou deste vídeo?

      Faça login para que sua opinião seja levada em conta.
    
Fazer login



3


0

Não gostou deste vídeo?

      Faça login para que sua opinião seja levada em conta.
    
Fazer login



1",https://i.ytimg.com/vi/aOGnEHywIBc/maxresdefault.jpg,1280.0,720.0,Presenter: Matt Tourond Kaggle page: https://www.kaggle.com/c/canssi-ncsc-ferry-delays Meetup page: https://www.meetup.com/LearnDataScience/events/fbczqqyznb...,1280.0,720.0,machine learning,/channel/UCJhW_16uxALr0X4olEW2p5A,0.464,,,
708,Meetup: Custom Machine Learning Recipes: Ingredients for Success,,222 visualizações,Publicado em 21 de nov. de 2019,Ciência e tecnologia,Meetup: Custom Machine Learning Recipes: Ingredients for Success,"H2O.ai













Carregando...
    







        Cancelar inscrição de H2O.ai?
      


Cancelar
Cancelar inscrição










        Processando...
    










Inscrever-seInscritoCancelar inscrição10,8 mil 











Carregando...
    









Carregando...
    













        Processando...","222 visualizações




Gostou deste vídeo?

      Faça login para que sua opinião seja levada em conta.
    
Fazer login








Não gostou deste vídeo?

      Faça login para que sua opinião seja levada em conta.
    
Fazer login",https://i.ytimg.com/vi/aRKZTVnyfPM/maxresdefault.jpg,1280.0,720.0,"This meetup was recorded in Mountain View on November 12, 2019. Slides from the meetup can be viewed here: https://www.slideshare.net/0xdata/meetup-custom-ma...",1280.0,720.0,,/channel/UCk6ONJlPzjw3DohAeMSgsng,0.322,,,
718,Kaggle Meetup: Human Protein Atlas,,226 visualizações,Publicado em 8 de fev. de 2019,Ciência e tecnologia,Kaggle Meetup: Human Protein Atlas,"Learn Data Science













Carregando...
    







        Cancelar inscrição de Learn Data Science?
      


Cancelar
Cancelar inscrição










        Processando...
    










Inscrever-seInscritoCancelar inscrição464 











Carregando...
    









Carregando...
    













        Processando...","226 visualizações







5

Gostou deste vídeo?

      Faça login para que sua opinião seja levada em conta.
    
Fazer login



6


0

Não gostou deste vídeo?

      Faça login para que sua opinião seja levada em conta.
    
Fazer login



1",https://i.ytimg.com/vi/bAgjqdQ0VE8/maxresdefault.jpg,1280.0,720.0,Kaggle page: https://www.kaggle.com/c/human-protein-atlas-image-classification Meetup page: https://www.meetup.com/LearnDataScience/events/hjhcmqyzdbkb/ Slid...,1280.0,720.0,kaggle,/channel/UCJhW_16uxALr0X4olEW2p5A,0.487,,,
720,wataさん『サンタコンペで二度全完した話』- Kaggle meetup Tokyo #4,,1.474 visualizações,Publicado em 12 de mai. de 2018,Pessoas e blogs,wataさん『サンタコンペで二度全完した話』- Kaggle meetup Tokyo #4,"Takami Sato













Carregando...
    







        Cancelar inscrição de Takami Sato?
      


Cancelar
Cancelar inscrição










        Processando...
    










Inscrever-seInscritoCancelar inscrição1,84 mil 











Carregando...
    









Carregando...
    













        Processando...","1.474 visualizações







24

Gostou deste vídeo?

      Faça login para que sua opinião seja levada em conta.
    
Fazer login



25


0

Não gostou deste vídeo?

      Faça login para que sua opinião seja levada em conta.
    
Fazer login



1",https://i.ytimg.com/vi/bM1Xtziy6xc/maxresdefault.jpg,1280.0,720.0,資料 https://speakerdeck.com/wata_orz/santakonpedeer-du-quan-wan-sitahua Kaggle meetup tokyo #4 https://connpass.com/event/82458/,1280.0,720.0,kaggle,/channel/UCiECS_auJLNpFsvjTi1WuxQ,0.378,,,
729,Time-Series Anomaly Detection | Kaggle NYC,,62 visualizações,Publicado em 14 de nov. de 2019,Ciência e tecnologia,Time-Series Anomaly Detection | Kaggle NYC,"Kaggle NYC













Carregando...
    







        Cancelar inscrição de Kaggle NYC?
      


Cancelar
Cancelar inscrição










        Processando...
    










Inscrever-seInscritoCancelar inscrição40 











Carregando...
    









Carregando...
    













        Processando...","62 visualizações







6

Gostou deste vídeo?

      Faça login para que sua opinião seja levada em conta.
    
Fazer login



7


0

Não gostou deste vídeo?

      Faça login para que sua opinião seja levada em conta.
    
Fazer login



1",https://i.ytimg.com/vi/c197siqxHBs/maxresdefault.jpg,1280.0,720.0,"About the speaker: Kevin Chen is currently a self-taught ML practitioner concentrating on anomaly detection, time-series, streaming data, and (later) predict...",1280.0,720.0,data science,/channel/UC6TU220DZU2dfD_FCAUq49A,0.286,,,
744,Data Science Specialization at IFMR-GSB,,207 visualizações,Publicado em 27 de dez. de 2018,Educação,Data Science Specialization at IFMR-GSB,"IFMR GSB KREA University













Carregando...
    







        Cancelar inscrição de IFMR GSB KREA University?
      


Cancelar
Cancelar inscrição










        Processando...
    










Inscrever-seInscritoCancelar inscrição286 











Carregando...
    









Carregando...
    













        Processando...","207 visualizações







3

Gostou deste vídeo?

      Faça login para que sua opinião seja levada em conta.
    
Fazer login



4


0

Não gostou deste vídeo?

      Faça login para que sua opinião seja levada em conta.
    
Fazer login



1",https://i.ytimg.com/vi/crUfuo9GXIc/maxresdefault.jpg,1280.0,720.0, ,1280.0,720.0,,/channel/UCAjwb2trX_m_6hobx02MV9g,0.469,,,
751,"SQL Summer Camp: Group By, Having and Count| Kaggle",,4.171 visualizações,Transmitido ao vivo em 27 de jun. de 2019,Ciência e tecnologia,"SQL Summer Camp: Group By, Having and Count| Kaggle","Kaggle













Carregando...
    







        Cancelar inscrição de Kaggle?
      


Cancelar
Cancelar inscrição










        Processando...
    










Inscrever-seInscritoCancelar inscrição39 mil 











Carregando...
    









Carregando...
    













        Processando...","4.171 visualizações







117

Gostou deste vídeo?

      Faça login para que sua opinião seja levada em conta.
    
Fazer login



118


0

Não gostou deste vídeo?

      Faça login para que sua opinião seja levada em conta.
    
Fazer login



1",https://i.ytimg.com/vi/dV74IWUkI8Q/hqdefault.jpg,480.0,360.0,Today we'll learn how to write slightly more complex queries that let us ask questions about groups of records. The first 30 minutes will be lecture and and ...,1280.0,720.0,databases,/channel/UCSNeZleDn9c74yQc-EKnVTA,0.314,,,
819,"Kaggle Days Madrid Meetup #1 - ""Cómo llegar a número 1 en Kaggle"" - José Antonio Guerrero 1/2 (ES)",,604 visualizações,Publicado em 15 de nov. de 2018,Pessoas e blogs,"Kaggle Days Madrid Meetup #1 - ""Cómo llegar a número 1 en Kaggle"" - José Antonio Guerrero 1/2 (ES)","LogicAI













Carregando...
    







        Cancelar inscrição de LogicAI?
      


Cancelar
Cancelar inscrição










        Processando...
    










Inscrever-seInscritoCancelar inscrição641 











Carregando...
    









Carregando...
    













        Processando...","604 visualizações







21

Gostou deste vídeo?

      Faça login para que sua opinião seja levada em conta.
    
Fazer login



22


0

Não gostou deste vídeo?

      Faça login para que sua opinião seja levada em conta.
    
Fazer login



1",https://i.ytimg.com/vi/hJL9jXe1FlI/maxresdefault.jpg,1280.0,720.0,"During the first Kaggle Days Meetup Madrid, we had the pleasure to hear Jose Antonio Guerrero (Kaggle Grandmaster and former #1 at Kaggle) talk about useful ...",1280.0,720.0,meetup,/channel/UCZ_qlZbg9EzwRnLq_hFQumQ,0.351,,,
824,"Workshop on Machine Learning at Hasanuddin University Indonesia, Lecturer Prof. Zohar Nussinov",,21 visualizações,Publicado em 25 de nov. de 2019,Pessoas e blogs,"Workshop on Machine Learning at Hasanuddin University Indonesia, Lecturer Prof. Zohar Nussinov","WCP Unhas













Carregando...
    







        Cancelar inscrição de WCP Unhas?
      


Cancelar
Cancelar inscrição










        Processando...
    










Inscrever-seInscritoCancelar inscrição0 











Carregando...
    









Carregando...
    













        Processando...","21 visualizações







0

Gostou deste vídeo?

      Faça login para que sua opinião seja levada em conta.
    
Fazer login



1


0

Não gostou deste vídeo?

      Faça login para que sua opinião seja levada em conta.
    
Fazer login



1",https://i.ytimg.com/vi/hdoxkcsw0tU/hqdefault.jpg,480.0,360.0,"Part one of workshop on machine learning for computational based research in science, held in the Department of Physics Hasanuddin Unversity, 18-19 Sept 2019...",640.0,360.0,Machine LEarning,/channel/UCKdHuL3xvwXpqRSBy6F3VaA,0.398,,,
846,Kaggle Live-Coding: Graphing entity co-occurrence in online rumors | Kaggle,,448 visualizações,Transmitido ao vivo em 3 de ago. de 2018,Ciência e tecnologia,Kaggle Live-Coding: Graphing entity co-occurrence in online rumors | Kaggle,"Kaggle













Carregando...
    







        Cancelar inscrição de Kaggle?
      


Cancelar
Cancelar inscrição










        Processando...
    










Inscrever-seInscritoCancelar inscrição39 mil 











Carregando...
    









Carregando...
    













        Processando...","448 visualizações







11

Gostou deste vídeo?

      Faça login para que sua opinião seja levada em conta.
    
Fazer login



12


0

Não gostou deste vídeo?

      Faça login para que sua opinião seja levada em conta.
    
Fazer login



1",https://i.ytimg.com/vi/iz-OrQLIlaI/maxresdefault.jpg,1280.0,720.0,Join Kaggle data scientist Rachael live as she works on data science projects! See all previous livestreams here: https://www.youtube.com/watch?v=i92VI289zWw...,1280.0,720.0,CS,/channel/UCSNeZleDn9c74yQc-EKnVTA,0.827,,,
858,"""Artificial Intelligence and Machine Learning: A Roadmap"" presentedJuly 26,, 2018",,297 visualizações,Publicado em 26 de jul. de 2018,Ciência e tecnologia,"""Artificial Intelligence and Machine Learning: A Roadmap"" presentedJuly 26,, 2018","AccountantsWorld













Carregando...
    







        Cancelar inscrição de AccountantsWorld?
      


Cancelar
Cancelar inscrição










        Processando...
    










Inscrever-seInscritoCancelar inscrição399 











Carregando...
    









Carregando...
    













        Processando...","297 visualizações







5

Gostou deste vídeo?

      Faça login para que sua opinião seja levada em conta.
    
Fazer login



6


0

Não gostou deste vídeo?

      Faça login para que sua opinião seja levada em conta.
    
Fazer login



1",https://i.ytimg.com/vi/jFbsCIdwaoA/hqdefault.jpg,480.0,360.0,"Computers have historically been limited to performing tasks which are coded by software developers. A new field of computer science, machine learning, uses ...",1280.0,720.0,Computer,/channel/UCH-5SfjH3Okj-4rHdtAE5GQ,0.289,,,
862,Kaggle Reading Group: Multi-Task Deep Neural Networks for Natural Language Understanding | Kaggle,,1.667 visualizações,Transmitido ao vivo em 1 de mai. de 2019,Ciência e tecnologia,Kaggle Reading Group: Multi-Task Deep Neural Networks for Natural Language Understanding | Kaggle,"Kaggle













Carregando...
    







        Cancelar inscrição de Kaggle?
      


Cancelar
Cancelar inscrição










        Processando...
    










Inscrever-seInscritoCancelar inscrição39 mil 











Carregando...
    









Carregando...
    













        Processando...","1.667 visualizações







59

Gostou deste vídeo?

      Faça login para que sua opinião seja levada em conta.
    
Fazer login



60


0

Não gostou deste vídeo?

      Faça login para que sua opinião seja levada em conta.
    
Fazer login



1",https://i.ytimg.com/vi/jLrcM-kAo34/hqdefault.jpg,480.0,360.0,"Join Kaggle Data Scientist Rachael as she reads through an NLP paper! Today's paper is ""Multi-Task Deep Neural Networks for Natural Language Understanding "" ...",1280.0,720.0,reading group,/channel/UCSNeZleDn9c74yQc-EKnVTA,0.36,,,
869,Kaggle Reading Group: Generating Long Sequences with Sparse Transformers | Kaggle,,1.056 visualizações,Transmitido ao vivo em 22 de mai. de 2019,Ciência e tecnologia,Kaggle Reading Group: Generating Long Sequences with Sparse Transformers | Kaggle,"Kaggle













Carregando...
    







        Cancelar inscrição de Kaggle?
      


Cancelar
Cancelar inscrição










        Processando...
    










Inscrever-seInscritoCancelar inscrição39 mil 











Carregando...
    









Carregando...
    













        Processando...","1.056 visualizações







45

Gostou deste vídeo?

      Faça login para que sua opinião seja levada em conta.
    
Fazer login



46


0

Não gostou deste vídeo?

      Faça login para que sua opinião seja levada em conta.
    
Fazer login



1",https://i.ytimg.com/vi/jaqjcHmCBfY/hqdefault.jpg,480.0,360.0,"Join Kaggle Data Scientist Rachael as she reads through an NLP paper! Today's paper is ""Generating Long Sequences with Sparse Transformers"" (Child et al, unp...",1280.0,720.0,reading group,/channel/UCSNeZleDn9c74yQc-EKnVTA,0.304,,,
871,Kaggle Days Meetup Madrid #3 Round table - Microsoft Malware Prediction gold winners (2/2) ESP/ENG,,127 visualizações,Publicado em 25 de jun. de 2019,Pessoas e blogs,Kaggle Days Meetup Madrid #3 Round table - Microsoft Malware Prediction gold winners (2/2) ESP/ENG,"LogicAI













Carregando...
    







        Cancelar inscrição de LogicAI?
      


Cancelar
Cancelar inscrição










        Processando...
    










Inscrever-seInscritoCancelar inscrição641 











Carregando...
    









Carregando...
    













        Processando...","127 visualizações







3

Gostou deste vídeo?

      Faça login para que sua opinião seja levada em conta.
    
Fazer login



4


0

Não gostou deste vídeo?

      Faça login para que sua opinião seja levada em conta.
    
Fazer login



1",https://i.ytimg.com/vi/jch8LrZpOKY/hqdefault.jpg,480.0,360.0,"We've met at Kaggle Days Meetup Madrid for the 3rd time already. At this meetup, during the first part, Kaggle Grandmaster Alberto Danese talked about Gradie...",1280.0,720.0,datascience,/channel/UCZ_qlZbg9EzwRnLq_hFQumQ,0.403,,,
877,Session 8: Overview On Apriori Machine Learning Algorithm (ML.NET),,1.086 visualizações,Publicado em 13 de out. de 2019,Ciência e tecnologia,"BLOCK71 Singapore



    Session 8: Overview On Apriori Machine Learning Algorithm (ML.NET)","dotnet.sg













Carregando...
    







        Cancelar inscrição de dotnet.sg?
      


Cancelar
Cancelar inscrição










        Processando...
    










Inscrever-seInscritoCancelar inscrição112 











Carregando...
    









Carregando...
    













        Processando...","1.086 visualizações







0

Gostou deste vídeo?

      Faça login para que sua opinião seja levada em conta.
    
Fazer login



1


0

Não gostou deste vídeo?

      Faça login para que sua opinião seja levada em conta.
    
Fazer login



1",https://i.ytimg.com/vi/jqhxsfC9kS4/hqdefault.jpg,480.0,360.0,#dotnetconf #dotnetconfsg #dotnetfoundation Speaker: Cheah Eng Soon Twitter: @CheahEngSoon AI is based on algorithms which allow input to become output. The ...,480.0,360.0,dotnetfoundation,/channel/UCE-lhcJyBK8Pud18Ao1r06A,0.364,,,
882,"iDate Post-Conference Review June 12-13, 2018 A.I.  Machine Learning & Mobile Dating",,2.738 visualizações,Publicado em 15 de jun. de 2018,Viagens e eventos,"iDate Post-Conference Review June 12-13, 2018 A.I.  Machine Learning & Mobile Dating","Internet Dating Conference













Carregando...
    







        Cancelar inscrição de Internet Dating Conference?
      


Cancelar
Cancelar inscrição










        Processando...
    










Inscrever-seInscritoCancelar inscrição853 











Carregando...
    









Carregando...
    













        Processando...","2.738 visualizações







54

Gostou deste vídeo?

      Faça login para que sua opinião seja levada em conta.
    
Fazer login



55


0

Não gostou deste vídeo?

      Faça login para que sua opinião seja levada em conta.
    
Fazer login



1",https://i.ytimg.com/vi/jxOXeR5p47A/hqdefault.jpg,480.0,360.0,"Post-Conference review of the iDate Artificial Intelligence and Mobile Dating Conference in Los Angeles. The June 12-13, 2018 event at the Sportsmen's Lodge ...",1280.0,720.0,Online Personals Watch,/channel/UCUHO_D_nidFOT8hYlR_g4GQ,0.262,,,
892,"Intercepting Dirty Money using Machine Learning - Ashrith Barthur, H2O.ai",,1.453 visualizações,Publicado em 12 de jun. de 2018,Ciência e tecnologia,"Intercepting Dirty Money using Machine Learning - Ashrith Barthur, H2O.ai","H2O.ai













Carregando...
    







        Cancelar inscrição de H2O.ai?
      


Cancelar
Cancelar inscrição










        Processando...
    










Inscrever-seInscritoCancelar inscrição10,8 mil 











Carregando...
    









Carregando...
    













        Processando...","1.453 visualizações




Gostou deste vídeo?

      Faça login para que sua opinião seja levada em conta.
    
Fazer login








Não gostou deste vídeo?

      Faça login para que sua opinião seja levada em conta.
    
Fazer login",https://i.ytimg.com/vi/kHAytksmKpI/maxresdefault.jpg,1280.0,720.0,"This video was recorded at H2O World NYC 2018 on June 7th, 2018. The slides from the video can be viewed here: https://www.slideshare.net/0xdata/intercepting...",1280.0,720.0,,/channel/UCk6ONJlPzjw3DohAeMSgsng,0.295,,,
898,Kaggle Reading Group: Probing Neural Network Comprehension of Natural Language Arguments | Kaggle,,1.622 visualizações,Transmitido ao vivo em 21 de ago. de 2019,Ciência e tecnologia,Kaggle Reading Group: Probing Neural Network Comprehension of Natural Language Arguments | Kaggle,"Kaggle













Carregando...
    







        Cancelar inscrição de Kaggle?
      


Cancelar
Cancelar inscrição










        Processando...
    










Inscrever-seInscritoCancelar inscrição39 mil 











Carregando...
    









Carregando...
    













        Processando...","1.622 visualizações







49

Gostou deste vídeo?

      Faça login para que sua opinião seja levada em conta.
    
Fazer login



50


0

Não gostou deste vídeo?

      Faça login para que sua opinião seja levada em conta.
    
Fazer login



1",https://i.ytimg.com/vi/ks8Cz1qx2rE/hqdefault.jpg,480.0,360.0,BERT (which we read the paper for earlier) has had really impressive success on a number of NLP tasks... but how well is it really capturing the structures o...,1280.0,720.0,formal logic,/channel/UCSNeZleDn9c74yQc-EKnVTA,0.318,,,
904,Kaggle Meetup: AdTracking Fraud Detection,,372 visualizações,Publicado em 1 de jun. de 2018,Ciência e tecnologia,Kaggle Meetup: AdTracking Fraud Detection,"Learn Data Science













Carregando...
    







        Cancelar inscrição de Learn Data Science?
      


Cancelar
Cancelar inscrição










        Processando...
    










Inscrever-seInscritoCancelar inscrição464 











Carregando...
    









Carregando...
    













        Processando...","372 visualizações







11

Gostou deste vídeo?

      Faça login para que sua opinião seja levada em conta.
    
Fazer login



12


0

Não gostou deste vídeo?

      Faça login para que sua opinião seja levada em conta.
    
Fazer login



1",https://i.ytimg.com/vi/kzkQTPeZPQ4/maxresdefault.jpg,1280.0,720.0,https://www.meetup.com/LearnDataScience/events/250901341/,1280.0,720.0,,/channel/UCJhW_16uxALr0X4olEW2p5A,0.521,,,
908,Kaggle Meetup: Quora Insincere Questions Classification,,399 visualizações,Publicado em 8 de mar. de 2019,Ciência e tecnologia,Kaggle Meetup: Quora Insincere Questions Classification,"Learn Data Science













Carregando...
    







        Cancelar inscrição de Learn Data Science?
      


Cancelar
Cancelar inscrição










        Processando...
    










Inscrever-seInscritoCancelar inscrição464 











Carregando...
    









Carregando...
    













        Processando...","399 visualizações







7

Gostou deste vídeo?

      Faça login para que sua opinião seja levada em conta.
    
Fazer login



8


0

Não gostou deste vídeo?

      Faça login para que sua opinião seja levada em conta.
    
Fazer login



1",https://i.ytimg.com/vi/l7ZmviwSnXw/maxresdefault.jpg,1280.0,720.0,Kaggle page: https://www.kaggle.com/c/quora-insincere-questions-classification Meetup page: https://www.meetup.com/LearnDataScience/events/fbczqqyzfbkb/ Slid...,1280.0,720.0,artificial intelligence,/channel/UCJhW_16uxALr0X4olEW2p5A,0.617,,,
919,Kaggle Days Meetup Milan #1,,243 visualizações,Publicado em 22 de mai. de 2019,Pessoas e blogs,Kaggle Days Meetup Milan #1,"LogicAI













Carregando...
    







        Cancelar inscrição de LogicAI?
      


Cancelar
Cancelar inscrição










        Processando...
    










Inscrever-seInscritoCancelar inscrição641 











Carregando...
    









Carregando...
    













        Processando...","243 visualizações







7

Gostou deste vídeo?

      Faça login para que sua opinião seja levada em conta.
    
Fazer login



8


0

Não gostou deste vídeo?

      Faça login para que sua opinião seja levada em conta.
    
Fazer login



1",https://i.ytimg.com/vi/lkZET6thmLk/hqdefault.jpg,480.0,360.0,15th of March had a place the first ever Kaggle Days Meetup in Milan. We had a chance to hear two great talks prepared by Kaggle Grandmasters: Abhishek Thaku...,1280.0,720.0,,/channel/UCZ_qlZbg9EzwRnLq_hFQumQ,0.693,,,
923,Shri Debasish Sen at 7th International Data Science Summit,,5 visualizações,Publicado em 23 de nov. de 2019,Ciência e tecnologia,Shri Debasish Sen at 7th International Data Science Summit,"Data Science Foundation













Carregando...
    







        Cancelar inscrição de Data Science Foundation?
      


Cancelar
Cancelar inscrição










        Processando...
    










Inscrever-seInscritoCancelar inscrição345 











Carregando...
    









Carregando...
    













        Processando...","5 visualizações




Gostou deste vídeo?

      Faça login para que sua opinião seja levada em conta.
    
Fazer login








Não gostou deste vídeo?

      Faça login para que sua opinião seja levada em conta.
    
Fazer login",https://i.ytimg.com/vi/m0NTnHGSfkA/maxresdefault.jpg,1280.0,720.0,Shri Debasish Sen at 7th International Data Science Summit,1280.0,720.0,Data Science in Govt,/channel/UCgURMi5Be6B6AOrgXuOnctQ,0.468,,,
928,Data Mining vs Machine Learning: Top 20 Things You Must Know(first 10)),,2 visualizações,Publicado em 24 de nov. de 2019,Pessoas e blogs,Data Mining vs Machine Learning: Top 20 Things You Must Know(first 10)),"Adham Abdulbaqi













Carregando...
    







        Cancelar inscrição de Adham Abdulbaqi?
      


Cancelar
Cancelar inscrição










        Processando...
    










Inscrever-seInscritoCancelar inscrição0 











Carregando...
    









Carregando...
    













        Processando...","2 visualizações







0

Gostou deste vídeo?

      Faça login para que sua opinião seja levada em conta.
    
Fazer login



1


0

Não gostou deste vídeo?

      Faça login para que sua opinião seja levada em conta.
    
Fazer login



1",https://i.ytimg.com/vi/m849JboZtQQ/maxresdefault.jpg,1280.0,720.0,"UHD,computer science department",1280.0,720.0,,/channel/UCZBCPzJJmhFNuIQUAmkEtsA,0.268,,,
933,"Session 01/10 - Introduction to machine learning, and creative projects - SCM, CityU HK",,664 visualizações,Publicado em 6 de jun. de 2018,Educação,"Session 01/10 - Introduction to machine learning, and creative projects - SCM, CityU HK","School of Creative Media - City University of Hong Kong













Carregando...
    







        Cancelar inscrição de School of Creative Media - City University of Hong Kong?
      


Cancelar
Cancelar inscrição










        Processando...
    










Inscrever-seInscritoCancelar inscrição393 











Carregando...
    









Carregando...
    













        Processando...","664 visualizações




Gostou deste vídeo?

      Faça login para que sua opinião seja levada em conta.
    
Fazer login








Não gostou deste vídeo?

      Faça login para que sua opinião seja levada em conta.
    
Fazer login",https://i.ytimg.com/vi/mM6BodLczlA/maxresdefault.jpg,1280.0,720.0,"28.05.2018 ""Introduction to machine learning, and creative projects"", The Machine Learning for Creative Media workshop by School of Creative Media, City Univ...",1280.0,720.0,Media School,/channel/UCn19oT2xeSh9MDvbGmaOu3Q,0.294,,,
937,hydrosphere.io 2m demo - machine learning model deploy and monitor,,2.129 visualizações,Publicado em 14 de jun. de 2018,Ciência e tecnologia,hydrosphere.io 2m demo - machine learning model deploy and monitor,"Hydrosphere io













Carregando...
    







        Cancelar inscrição de Hydrosphere io?
      


Cancelar
Cancelar inscrição










        Processando...
    










Inscrever-seInscritoCancelar inscrição39 











Carregando...
    









Carregando...
    













        Processando...","2.129 visualizações







4

Gostou deste vídeo?

      Faça login para que sua opinião seja levada em conta.
    
Fazer login



5


0

Não gostou deste vídeo?

      Faça login para que sua opinião seja levada em conta.
    
Fazer login



1",https://i.ytimg.com/vi/m_Fb540LZTU/maxresdefault.jpg,1280.0,720.0,hydrosphere.io 2m demo - machine learning model deploy and monitor https://github.com/Hydrospheredata/,1280.0,720.0,Data Science,/channel/UC6t9FhE1WvUV8o9f6oThdeg,0.331,,,
938,Kaggle Meetup: Skin Cancer Diagnosis,,663 visualizações,Publicado em 5 de out. de 2018,Ciência e tecnologia,Kaggle Meetup: Skin Cancer Diagnosis,"Learn Data Science













Carregando...
    







        Cancelar inscrição de Learn Data Science?
      


Cancelar
Cancelar inscrição










        Processando...
    










Inscrever-seInscritoCancelar inscrição464 











Carregando...
    









Carregando...
    













        Processando...","663 visualizações







22

Gostou deste vídeo?

      Faça login para que sua opinião seja levada em conta.
    
Fazer login



23


0

Não gostou deste vídeo?

      Faça login para que sua opinião seja levada em conta.
    
Fazer login



1",https://i.ytimg.com/vi/meg8I1GdtUg/maxresdefault.jpg,1280.0,720.0,Video from this meetup: https://www.meetup.com/LearnDataScience/events/wdlntpyxnbgb/ Slides are here: https://docs.google.com/presentation/d/1Lup8MnuOkVakDL5...,1280.0,720.0,machine learning,/channel/UCJhW_16uxALr0X4olEW2p5A,0.644,,,
972,"About AI and Machine learning at CSC, Kallio & Nandan",,17 visualizações,Publicado em 21 de nov. de 2019,Ciência e tecnologia,"#artificialintelligence #tekoaly #AI



    About AI and Machine learning at CSC, Kallio & Nandan","CSC — Tieteen tietotekniikan keskus / CSC — IT Center for Science













Carregando...
    







        Cancelar inscrição de CSC — Tieteen tietotekniikan keskus / CSC — IT Center for Science?
      


Cancelar
Cancelar inscrição










        Processando...
    










Inscrever-seInscritoCancelar inscrição521 











Carregando...
    









Carregando...
    













        Processando...","17 visualizações







0

Gostou deste vídeo?

      Faça login para que sua opinião seja levada em conta.
    
Fazer login



1


0

Não gostou deste vídeo?

      Faça login para que sua opinião seja levada em conta.
    
Fazer login



1",https://i.ytimg.com/vi/oXT5AEut6Os/maxresdefault.jpg,1280.0,720.0,"About AI and Machine learning at CSC, Aleksi Kallio, Apurva Nandan, CSC #artificialintelligence #tekoaly #AI #machinelearning #koneoppiminen @CSCfi #digisfääri",1280.0,720.0,,/channel/UCFv-76jNZlBFp6O9umdnyDA,0.314,,,
974,Kaggle Reading Group: Language Models are Unsupervised Multitask Learners (GPT-2) | Kaggle,,2.368 visualizações,Transmitido ao vivo em 20 de fev. de 2019,Ciência e tecnologia,Kaggle Reading Group: Language Models are Unsupervised Multitask Learners (GPT-2) | Kaggle,"Kaggle













Carregando...
    







        Cancelar inscrição de Kaggle?
      


Cancelar
Cancelar inscrição










        Processando...
    










Inscrever-seInscritoCancelar inscrição39 mil 











Carregando...
    









Carregando...
    













        Processando...","2.368 visualizações







77

Gostou deste vídeo?

      Faça login para que sua opinião seja levada em conta.
    
Fazer login



78


0

Não gostou deste vídeo?

      Faça login para que sua opinião seja levada em conta.
    
Fazer login



1",https://i.ytimg.com/vi/oaQSQsjhcwQ/maxresdefault.jpg,1280.0,720.0,"Join Kaggle Data Scientist Rachael as she reads through an NLP paper! Today's paper is ""Language Models are Unsupervised Multitask Learners"" (Radford et al, ...",1280.0,720.0,technology,/channel/UCSNeZleDn9c74yQc-EKnVTA,0.291,,,
978,Machine Learning with python Course - Lecture 3 - Linear Regression with one variable - M.Gamal,,2.107 visualizações,Publicado em 30 de mai. de 2019,Pessoas e blogs,"#supervised #unsupervised #learning



    Machine Learning with python Course - Lecture 3 - Linear Regression with one variable - M.Gamal","Machine Learning With python













Carregando...
    







        Cancelar inscrição de Machine Learning With python?
      


Cancelar
Cancelar inscrição










        Processando...
    










Inscrever-seInscritoCancelar inscrição1,79 mil 











Carregando...
    









Carregando...
    













        Processando...","2.107 visualizações







52

Gostou deste vídeo?

      Faça login para que sua opinião seja levada em conta.
    
Fazer login



53


0

Não gostou deste vídeo?

      Faça login para que sua opinião seja levada em conta.
    
Fazer login



1",https://i.ytimg.com/vi/otXTykwJsd4/maxresdefault.jpg,1280.0,720.0,"- You will Learn Machine Learning topics such as #supervised vs #unsupervised #learning, model evaluation and Machine Learning #algorithms. - You will practi...",1280.0,720.0,#Algorithms,/channel/UCu1apYC0izYTG3X_QH_O4hw,0.288,,,
1002,How Publishers Can Take Advantage of Machine Learning (Cloud Next '18),,1.007 visualizações,Publicado em 26 de jul. de 2018,Ciência e tecnologia,How Publishers Can Take Advantage of Machine Learning (Cloud Next '18),"Google Cloud Platform













Carregando...
    







        Cancelar inscrição de Google Cloud Platform?
      


Cancelar
Cancelar inscrição










        Processando...
    










Inscrever-seInscritoCancelar inscrição400 mil 











Carregando...
    









Carregando...
    













        Processando...","1.007 visualizações







19

Gostou deste vídeo?

      Faça login para que sua opinião seja levada em conta.
    
Fazer login



20


0

Não gostou deste vídeo?

      Faça login para que sua opinião seja levada em conta.
    
Fazer login



1",https://i.ytimg.com/vi/qK6x-vPEmRw/maxresdefault.jpg,1280.0,720.0,Hearst Newspapers uses Google Cloud Machine Learning infrastructure to automate and create value in the newspaper business. A recent case study has been publ...,1280.0,720.0,Cloud ML,/channel/UCJS9pqu9BzkAMNTmzNMNhvg,0.322,,,
1015,Top 10 Machine Learning Algorithms | Data Science | Outliers Analytics,,219 visualizações,Publicado em 22 de nov. de 2019,Ciência e tecnologia,Top 10 Machine Learning Algorithms | Data Science | Outliers Analytics,"Outliers Analytics













Carregando...
    







        Cancelar inscrição de Outliers Analytics?
      


Cancelar
Cancelar inscrição










        Processando...
    










Inscrever-seInscritoCancelar inscrição 











Carregando...
    









Carregando...
    













        Processando...","219 visualizações







8

Gostou deste vídeo?

      Faça login para que sua opinião seja levada em conta.
    
Fazer login



9


0

Não gostou deste vídeo?

      Faça login para que sua opinião seja levada em conta.
    
Fazer login



1",https://i.ytimg.com/vi/qxVaNou8jUs/maxresdefault.jpg,1280.0,720.0,"This video will give you an idea about the top 10 machine learning algorithms in data science, that you should know about or have an idea about as a data sci...",1280.0,720.0,machine learning for beginners,/channel/UCJIKMdqGAdEkL21dxbq5nWA,0.294,,,
1021,Kaggle Reading Group: Weight Agnostic Neural Networks | Kaggle,,1.577 visualizações,Transmitido ao vivo em 11 de set. de 2019,Ciência e tecnologia,Kaggle Reading Group: Weight Agnostic Neural Networks | Kaggle,"Kaggle













Carregando...
    







        Cancelar inscrição de Kaggle?
      


Cancelar
Cancelar inscrição










        Processando...
    










Inscrever-seInscritoCancelar inscrição39 mil 











Carregando...
    









Carregando...
    













        Processando...","1.577 visualizações







51

Gostou deste vídeo?

      Faça login para que sua opinião seja levada em conta.
    
Fazer login



52


1

Não gostou deste vídeo?

      Faça login para que sua opinião seja levada em conta.
    
Fazer login



2",https://i.ytimg.com/vi/rEKtmUS3WIU/hqdefault.jpg,480.0,360.0,"Today we're starting the paper ""Weight Agnostic Neural Networks"" by Gaier & Ha from NeurIPS 2019. Link to paper: https://arxiv.org/pdf/1906.04358.pdf SUBSCRI...",1280.0,720.0,reading group,/channel/UCSNeZleDn9c74yQc-EKnVTA,0.327,,,
1024,Real Talk with Airbnb Machine Learning Engineer,,64.355 visualizações,Publicado em 29 de nov. de 2018,Educação,Real Talk with Airbnb Machine Learning Engineer,"Springboard













Carregando...
    







        Cancelar inscrição de Springboard?
      


Cancelar
Cancelar inscrição










        Processando...
    










Inscrever-seInscritoCancelar inscrição34,2 mil 











Carregando...
    









Carregando...
    













        Processando...","64.355 visualizações







1.478

Gostou deste vídeo?

      Faça login para que sua opinião seja levada em conta.
    
Fazer login



1.479


29

Não gostou deste vídeo?

      Faça login para que sua opinião seja levada em conta.
    
Fazer login



30",https://i.ytimg.com/vi/rLZGVgqw5u4/maxresdefault.jpg,1280.0,720.0,Talking AI and ML with Airbnb machine learning engineer Chirag. Want to learn machine learning engineering with a job guarantee? Check out Springboard's AI/M...,1280.0,720.0,Caltech,/channel/UCqd6TofKNjqagInm5Waeu7w,0.359,,,
1032,Everyone Leaks (and why that's a good thing) | by Michael Kim | Kaggle Days SF,,445 visualizações,Publicado em 16 de mai. de 2019,Ciência e tecnologia,Everyone Leaks (and why that's a good thing) | by Michael Kim | Kaggle Days SF,"Kaggle













Carregando...
    







        Cancelar inscrição de Kaggle?
      


Cancelar
Cancelar inscrição










        Processando...
    










Inscrever-seInscritoCancelar inscrição39 mil 











Carregando...
    









Carregando...
    













        Processando...","445 visualizações







7

Gostou deste vídeo?

      Faça login para que sua opinião seja levada em conta.
    
Fazer login



8


1

Não gostou deste vídeo?

      Faça login para que sua opinião seja levada em conta.
    
Fazer login



2",https://i.ytimg.com/vi/rrWmmqAt6Ts/maxresdefault.jpg,1280.0,720.0,"Michael Kim ""Everyone Leaks (and why that's a good thing)"" Kaggle Days San Francisco held in April 2019 gathered over 300 participants to meet, learn and cod...",1280.0,720.0,CS,/channel/UCSNeZleDn9c74yQc-EKnVTA,0.327,,,
1059,Kaggle Meetup: Freesound Audio Tagging 2019,,167 visualizações,Publicado em 10 de ago. de 2019,Ciência e tecnologia,"VentureLabs



    Kaggle Meetup: Freesound Audio Tagging 2019","Learn Data Science













Carregando...
    







        Cancelar inscrição de Learn Data Science?
      


Cancelar
Cancelar inscrição










        Processando...
    










Inscrever-seInscritoCancelar inscrição464 











Carregando...
    









Carregando...
    













        Processando...","167 visualizações







1

Gostou deste vídeo?

      Faça login para que sua opinião seja levada em conta.
    
Fazer login



2


0

Não gostou deste vídeo?

      Faça login para que sua opinião seja levada em conta.
    
Fazer login



1",https://i.ytimg.com/vi/tEe-w86R23E/maxresdefault.jpg,1280.0,720.0,Presenter: Keagan O'Donohue Kaggle page: https://www.kaggle.com/c/freesound-audio-tagging-2019 Meetup page: https://www.meetup.com/LearnDataScience/events/fb...,1280.0,720.0,kaggle,/channel/UCJhW_16uxALr0X4olEW2p5A,0.493,,,
1067,Python Toolkit that Used for Two Kaggle Top 10% Leaderboard Finishes,,3.722 visualizações,Publicado em 14 de jan. de 2019,Ciência e tecnologia,Python Toolkit that Used for Two Kaggle Top 10% Leaderboard Finishes,"Jeff Heaton













Carregando...
    







        Cancelar inscrição de Jeff Heaton?
      


Cancelar
Cancelar inscrição










        Processando...
    










Inscrever-seInscritoCancelar inscrição22,1 mil 











Carregando...
    









Carregando...
    













        Processando...","3.722 visualizações







102

Gostou deste vídeo?

      Faça login para que sua opinião seja levada em conta.
    
Fazer login



103


4

Não gostou deste vídeo?

      Faça login para que sua opinião seja levada em conta.
    
Fazer login



5",https://i.ytimg.com/vi/tSzrecBdyJc/maxresdefault.jpg,1280.0,720.0,"This is the set of common tools that I've used in Kaggles to place around 7-10% on the leaderboard. Templates are provided for feature engineering, preproces...",480.0,360.0,preprocessing,/channel/UCR1-GEpyOPzT2AO4D_eifdw,0.424,,,
1070,Portable Talks: Human centred approach to artificial intelligence and machine learning,,4 visualizações,Publicado em 24 de nov. de 2019,Ciência e tecnologia,"Melbourne



    Portable Talks: Human centred approach to artificial intelligence and machine learning","Portable













Carregando...
    







        Cancelar inscrição de Portable?
      


Cancelar
Cancelar inscrição










        Processando...
    










Inscrever-seInscritoCancelar inscrição1 











Carregando...
    









Carregando...
    













        Processando...","4 visualizações







0

Gostou deste vídeo?

      Faça login para que sua opinião seja levada em conta.
    
Fazer login



1


0

Não gostou deste vídeo?

      Faça login para que sua opinião seja levada em conta.
    
Fazer login



1",https://i.ytimg.com/vi/tfCVx-JCQeQ/hqdefault.jpg,480.0,360.0,"To initiate the re-boot of Portable Talks, we look at how a human centred design approach can be used to build AI and machine learning tools. Our Tech Lead a...",1280.0,720.0,machine learning,/channel/UCRL26DPexiRaRvixhn-GGpw,0.279,,,
1084,Kaggle Meetup: Visual Relationship Challenge,,104 visualizações,Publicado em 6 de dez. de 2018,Ciência e tecnologia,Kaggle Meetup: Visual Relationship Challenge,"Learn Data Science













Carregando...
    







        Cancelar inscrição de Learn Data Science?
      


Cancelar
Cancelar inscrição










        Processando...
    










Inscrever-seInscritoCancelar inscrição464 











Carregando...
    









Carregando...
    













        Processando...","104 visualizações







3

Gostou deste vídeo?

      Faça login para que sua opinião seja levada em conta.
    
Fazer login



4


0

Não gostou deste vídeo?

      Faça login para que sua opinião seja levada em conta.
    
Fazer login



1",https://i.ytimg.com/vi/uBVY-g3ZXUk/maxresdefault.jpg,1280.0,720.0,Kaggle page: https://www.kaggle.com/c/google-ai-open-images-visual-relationship-track Meetup page: https://www.meetup.com/LearnDataScience/events/252908686/ ...,1280.0,720.0,artificial intelligence,/channel/UCJhW_16uxALr0X4olEW2p5A,0.456,,,
1102,Kaggle Live-Coding: How to turn text into structured data for NLP | Kaggle,,1.155 visualizações,Transmitido ao vivo em 5 de out. de 2018,Ciência e tecnologia,Kaggle Live-Coding: How to turn text into structured data for NLP | Kaggle,"Kaggle













Carregando...
    







        Cancelar inscrição de Kaggle?
      


Cancelar
Cancelar inscrição










        Processando...
    










Inscrever-seInscritoCancelar inscrição39 mil 











Carregando...
    









Carregando...
    













        Processando...","1.155 visualizações







46

Gostou deste vídeo?

      Faça login para que sua opinião seja levada em conta.
    
Fazer login



47


6

Não gostou deste vídeo?

      Faça login para que sua opinião seja levada em conta.
    
Fazer login



7",https://i.ytimg.com/vi/uvCS_lfxFWI/maxresdefault.jpg,1280.0,720.0,Join Kaggle data scientist Rachael live as she works on data science projects! See all previous livestreams here: https://www.youtube.com/watch?v=i92VI289zWw...,1280.0,720.0,CS,/channel/UCSNeZleDn9c74yQc-EKnVTA,0.312,,,
1104,Powered by TensorFlow: helping paleographers transcribe medieval text using machine learning,,19.546 visualizações,Publicado em 7 de mar. de 2019,Ciência e tecnologia,"#TFDevSummit #PoweredByTF



    Powered by TensorFlow: helping paleographers transcribe medieval text using machine learning","TensorFlow













Carregando...
    







        Cancelar inscrição de TensorFlow?
      


Cancelar
Cancelar inscrição










        Processando...
    










Inscrever-seInscritoCancelar inscrição180 mil 











Carregando...
    









Carregando...
    













        Processando...","19.546 visualizações







163

Gostou deste vídeo?

      Faça login para que sua opinião seja levada em conta.
    
Fazer login



164


2

Não gostou deste vídeo?

      Faça login para que sua opinião seja levada em conta.
    
Fazer login



3",https://i.ytimg.com/vi/v-FgOACRgfs/maxresdefault.jpg,1280.0,720.0,"Machine learning is helping to solve challenging, real-world problems around the world. See how In Codice Ratio (http://www.inf.uniroma3.it/db/icr/), a resea...",1280.0,720.0,coding,/channel/UC0rqucBdTuFTjJiefW5t-IQ,0.319,,,
1114,Artificial Intelligence & Machine Learning  - A Review,,28 visualizações,Publicado em 25 de nov. de 2019,Educação,Artificial Intelligence & Machine Learning  - A Review,"jayanti prasad













Carregando...
    







        Cancelar inscrição de jayanti prasad?
      


Cancelar
Cancelar inscrição










        Processando...
    










Inscrever-seInscritoCancelar inscrição26 











Carregando...
    









Carregando...
    













        Processando...","28 visualizações







1

Gostou deste vídeo?

      Faça login para que sua opinião seja levada em conta.
    
Fazer login



2


0

Não gostou deste vídeo?

      Faça login para que sua opinião seja levada em conta.
    
Fazer login



1",https://i.ytimg.com/vi/vhnLdxH8eP0/hqdefault.jpg,480.0,360.0,A Review of machine learning on source code.,960.0,720.0,,/channel/UCJesxoOgwZS5JpHrTDOS-8A,0.457,,,
1120,Recognizing Students at Risk of Dropping Out - A Machine Learning Approach ML4VA,,5 visualizações,Publicado em 24 de nov. de 2019,"SME, WMG (em nome de WM Spain); LatinAutor, CMRRA, BMI - Broadcast Music Inc., Sony ATV Publishing, SOLAR Music Rights Management, LatinAutor - SonyATV, UNIAO BRASILEIRA DE EDITORAS DE MUSICA - UBEM e 15 associações de direitos musicais",Recognizing Students at Risk of Dropping Out - A Machine Learning Approach ML4VA,"Joe Spaeth













Carregando...
    







        Cancelar inscrição de Joe Spaeth?
      


Cancelar
Cancelar inscrição










        Processando...
    










Inscrever-seInscritoCancelar inscrição0 











Carregando...
    









Carregando...
    













        Processando...","5 visualizações







0

Gostou deste vídeo?

      Faça login para que sua opinião seja levada em conta.
    
Fazer login



1


0

Não gostou deste vídeo?

      Faça login para que sua opinião seja levada em conta.
    
Fazer login



1",https://i.ytimg.com/vi/w104zCQNB38/maxresdefault.jpg,1280.0,720.0,"ML4VA project by Anna Spearman, Noah Collins, and Joe Spaeth",1280.0,720.0,,/channel/UCZDNp9Zik3T8DjKzarPlDpQ,0.285,,,
1136,Real Stories from Career Switchers | CareerCon 2019 | Kaggle,,531 visualizações,Publicado em 15 de ago. de 2019,Ciência e tecnologia,Real Stories from Career Switchers | CareerCon 2019 | Kaggle,"Kaggle













Carregando...
    







        Cancelar inscrição de Kaggle?
      


Cancelar
Cancelar inscrição










        Processando...
    










Inscrever-seInscritoCancelar inscrição39 mil 











Carregando...
    









Carregando...
    













        Processando...","531 visualizações







24

Gostou deste vídeo?

      Faça login para que sua opinião seja levada em conta.
    
Fazer login



25


1

Não gostou deste vídeo?

      Faça login para que sua opinião seja levada em conta.
    
Fazer login



2",https://i.ytimg.com/vi/wyU9GTKSO0g/maxresdefault.jpg,1280.0,720.0,"""Listen to a panel of speakers who successfully moved into data science from other seemingly unrelated careers. They’ll discuss their approach to learning, o...",1280.0,720.0,careercon,/channel/UCSNeZleDn9c74yQc-EKnVTA,0.447,,,
1138,"NIPS 2017 Test of Time Award ""Machine learning has become alchemy.” | Ali Rahimi, Google",,13.474 visualizações,Publicado em 7 de mar. de 2018,Educação,"NIPS 2017 Test of Time Award ""Machine learning has become alchemy.” | Ali Rahimi, Google","Preserve Knowledge













Carregando...
    







        Cancelar inscrição de Preserve Knowledge?
      


Cancelar
Cancelar inscrição










        Processando...
    










Inscrever-seInscritoCancelar inscrição10,4 mil 











Carregando...
    









Carregando...
    













        Processando...","13.474 visualizações







138

Gostou deste vídeo?

      Faça login para que sua opinião seja levada em conta.
    
Fazer login



139


4

Não gostou deste vídeo?

      Faça login para que sua opinião seja levada em conta.
    
Fazer login



5",https://i.ytimg.com/vi/x7psGHgatGM/maxresdefault.jpg,1280.0,720.0, ,1280.0,720.0,NIPS 2017,/channel/UC9p_wQs8b8SHvfJSuuxEnvw,0.372,,,
1168,Learn Deep Learning Online from IBM,,3.641 visualizações,Publicado em 9 de mai. de 2019,Educação,Learn Deep Learning Online from IBM,"edX














Carregando...
    







        Cancelar inscrição de edX?
      


Cancelar
Cancelar inscrição










        Processando...
    










Inscrever-seInscritoCancelar inscrição221 mil 











Carregando...
    









Carregando...
    













        Processando...","3.641 visualizações







52

Gostou deste vídeo?

      Faça login para que sua opinião seja levada em conta.
    
Fazer login



53


2

Não gostou deste vídeo?

      Faça login para que sua opinião seja levada em conta.
    
Fazer login



3",https://i.ytimg.com/vi/z7LyERPn0o4/maxresdefault.jpg,1280.0,720.0,"Welcome to the course Deep Learning Fundamentals with Keras from IBM! This playlist only part of the full course—take the full course, test yourself, and ear...",960.0,720.0,learn machine learning for free,/channel/UC67Vc0fkLYeUPBp1f02VY9Q,0.29,,,
1176,Using Google's Data and AI Technologies with Kaggle (Cloud Next '19),,727 visualizações,Publicado em 24 de abr. de 2019,Ciência e tecnologia,Using Google's Data and AI Technologies with Kaggle (Cloud Next '19),"Google Cloud Platform













Carregando...
    







        Cancelar inscrição de Google Cloud Platform?
      


Cancelar
Cancelar inscrição










        Processando...
    










Inscrever-seInscritoCancelar inscrição400 mil 











Carregando...
    









Carregando...
    













        Processando...","727 visualizações







17

Gostou deste vídeo?

      Faça login para que sua opinião seja levada em conta.
    
Fazer login



18


0

Não gostou deste vídeo?

      Faça login para que sua opinião seja levada em conta.
    
Fazer login



1",https://i.ytimg.com/vi/zPR3upTfMSI/maxresdefault.jpg,1280.0,720.0,Kaggle is the world's largest community of data scientists and machine learners. We have more than 2.6MM registered users who come to Kaggle to compete in ma...,1280.0,720.0,official,/channel/UCJS9pqu9BzkAMNTmzNMNhvg,0.284,,,
571,,,,,,,,,,,,,,,,,,Kaggle Reading Group: Dissecting contextual word embeddings | Kaggle,2019-03-13,1016.0
1053,,,,,,,,,,,,,,,,,,We talk about machine learning,2019-11-25,0.0
763,,,,,,,,,,,,,,,,,,Time Series Analysis in Python | Time Series Forecasting | Data Science with Python | Edureka,2018-05-31,151104.0
964,,,,,,,,,,,,,,,,,,Big Data y Data Science,2019-11-22,0.0
666,,,,,,,,,,,,,,,,,,From Deep Learning of Disentangled Representations to Higher-level Cognition,2018-02-08,37182.0
709,,,,,,,,,,,,,,,,,,Live Breakdown of Common Data Science Interview Questions | Kaggle,2018-03-21,36978.0
950,,,,,,,,,,,,,,,,,,Problem solving with AI: Data science on steroids,2019-11-25,65.0
855,,,,,,,,,,,,,,,,,,A Machine Learning Model for Predicting Plant Disease,2019-11-24,0.0
551,,,,,,,,,,,,,,,,,,kaggleのチュートリアル第３版解説放送その２,2019-04-13,831.0
768,,,,,,,,,,,,,,,,,,DTL042 - Data Science op volle kracht bij Vattenfall,2019-11-24,0.0
1020,,,,,,,,,,,,,,,,,,Lecture Series: What is Data Science?,2018-10-02,366.0
831,,,,,,,,,,,,,,,,,,Kaggle Live-Coding: Code Reviews! | Kaggle,2019-03-01,990.0
920,,,,,,,,,,,,,,,,,,Machine Learning Tutorial | Learn Machine Learning | Intellipaat,2019-10-19,33806.0
543,,,,,,,,,,,,,,,,,,Data Scientist : นักวิทยาศาสตร์ข้อมูล,2018-10-17,15182.0
555,,,,,,,,,,,,,,,,,,How to have a Career in Data Science and Data Engineering I ChetChat,2018-10-04,4643.0
653,,,,,,,,,,,,,,,,,,"Computational Neuroscience, HDR imaging, Deep Learning for Computer Vision | Dr Shanmuganathan Raman",2019-11-24,257.0
1118,,,,,,,,,,,,,,,,,,Kaggle Competition - House Prices: Advanced Regression Techniques Part1,2019-09-08,17762.0
914,,,,,,,,,,,,,,,,,,MACHINE LEARNING - APOIO: 08 | Multiplicação de matriz e vetor,2019-07-19,30.0
1019,,,,,,,,,,,,,,,,,,Data Science Demystified session- Oct 27,2018-10-31,592.0
676,,,,,,,,,,,,,,,,,,Python for Beginners 1 : Welcome to Python  #datascience #machinelearning,2018-11-25,1495.0
517,,,,,,,,,,,,,,,,,,"머신러닝부터 뉴럴 네크워크까지 - Lec 2 : Machine learning 기술, ‘딥’의 출현, backpropagation, CNN, RNN, SNN",2019-11-24,0.0
854,,,,,,,,,,,,,,,,,,Chris Armbruster: Die Data Scientists von morgen,2018-06-28,2177.0
959,,,,,,,,,,,,,,,,,,8 Data Science Projects in Banking & Finance,2018-06-23,9949.0
909,,,,,,,,,,,,,,,,,,"074. Чем отличаются data analyst, data engineer и data scientist – Алексей Натёкин",2018-11-19,25912.0
667,,,,,,,,,,,,,,,,,,How to Upload a Dataset to Kaggle | Kaggle,2019-10-09,1266.0
672,,,,,,,,,,,,,,,,,,ML Kit: Machine Learning SDK for mobile developers (Google I/O '18),2018-05-09,35072.0
588,,,,,,,,,,,,,,,,,,Data Science - The Beginners Guide to Kaggle | ZaranTech,2019-06-24,1259.0
1148,,,,,,,,,,,,,,,,,,Machine Learning Analysis of Virginia Traffic Accidents,2019-11-23,0.0
935,,,,,,,,,,,,,,,,,,AWS re:Invent 2018: Pragmatic Quantum Machine Learning Today (AIS308),2018-11-28,3612.0
615,,,,,,,,,,,,,,,,,,kaggle - Housing Prices Competition,2018-06-24,2914.0
829,,,,,,,,,,,,,,,,,,Experience Kaggle Days | Paris Edition January 2019 | Kaggle Days by LogicAI + Kaggle,2019-05-25,648.0
